{
  "test_loss": 0.18272134886076785,
  "test_metrics": {
    "accuracy": 0.9543942992874109,
    "precision_macro": 0.9288965862578114,
    "recall_macro": 0.9349601424677259,
    "f1_macro": 0.928324786957425
  }
}