{
  "best_epoch": 15,
  "val_loss": 0.02672797230186987,
  "val_metrics": {
    "accuracy": 0.9924924924924925,
    "precision_macro": 0.9942402274941397,
    "recall_macro": 0.9914890833398586,
    "f1_macro": 0.992710351989282
  }
}