{
  "seed": 42,
  "image_size": 64,
  "batch_size": 128,
  "use_roi_crop": true,
  "preprocessing": "clahe",
  "pad_ratio": 0.08,
  "mean": [
    0.48077961802482605,
    0.4455212652683258,
    0.45868155360221863
  ],
  "std": [
    0.2539152204990387,
    0.2469169795513153,
    0.25597625970840454
  ]
}