{
  "test_loss": 0.1447592919779409,
  "test_metrics": {
    "accuracy": 0.9661124307205067,
    "precision_macro": 0.9419970785626723,
    "recall_macro": 0.9483500949860908,
    "f1_macro": 0.9409898039666634
  }
}