{
  "best_epoch": 15,
  "val_loss": 0.013266270405503813,
  "val_metrics": {
    "accuracy": 0.9958708708708709,
    "precision_macro": 0.9952149923270498,
    "recall_macro": 0.9944495014746954,
    "f1_macro": 0.9946857466381128
  }
}