{
  "best_epoch": 15,
  "val_loss": 0.01727094504543141,
  "val_metrics": {
    "accuracy": 0.9951201201201201,
    "precision_macro": 0.9933024382597301,
    "recall_macro": 0.9933840294789905,
    "f1_macro": 0.9931197804253508
  }
}