{
  "test_loss": 0.12209795993514601,
  "test_metrics": {
    "accuracy": 0.9664291369754553,
    "precision_macro": 0.9553630067088204,
    "recall_macro": 0.9459515842170039,
    "f1_macro": 0.9490892684789867
  }
}